Emp ID,Name Prefix,First Name,Middle Initial,Last Name,Gender,E Mail,Father's Name,Mother's Name,Mother's Maiden Name,Salary
677509,Drs.,Lois,H,Walker,F,lois.walker@hotmail.com,Donald Walker,Helen Walker,Lewis,168251
940761,Ms.,Brenda,S,Robinson,,brenda.robinson@gmail.com,Raymond Robinson,Judy Robinson,Perry,51063
428945,Dr.,Joe,W,Robinson,M,joe.robinson@gmail.com,Scott Robinson,Stephanie Robinson,Taylor,50155
408351,Drs.,Diane,I,Evans,F,diane.evans@yahoo.com,Jason Evans,Michelle Evans,Allen,180294
193819,Mr.,Benjamin,R,Russell,M,benjamin.russell@charter.net,Gregory Russell,Elizabeth Russell,Nelson,117642
499687,Mr.,Patrick,F,Bailey,M,patrick.bailey@aol.com,Ralph Bailey,Laura Bailey,Henderson,72305
539712,Ms.,Nancy,T,Baker,F,nancy.baker@bp.com,Scott Baker,Judy Baker,Thomas,98189
380086,Mrs.,Carol,V,Murphy,F,carol.murphy@gmail.com,Eugene Murphy,Katherine Murphy,Peterson,60918
477616,Hon.,Frances,B,Young,F,frances.young@gmail.com,Fred Young,Lillian Young,Diaz,121587
162402,Hon.,Diana,T,Peterson,F,diana.peterson@hotmail.co.uk,Jonathan Peterson,Christina Peterson,Ross,43010
231469,Mr.,Ralph,L,Flores,M,ralph.flores@yahoo.com,Terry Flores,Michelle Flores,Moore,118457
153989,Prof.,Jack,C,Alexander,M,jack.alexander@gmail.com,Samuel Alexander,Sharon Alexander,Walker,82965
386158,Mrs.,Melissa,Q,King,F,melissa.king@comcast.net,Philip King,Maria King,White,166892
301576,Hon.,Wayne,G,Watson,M,wayne.watson@gmail.com,Ronald Watson,Margaret Watson,Hayes,92758
441771,Mrs.,Cheryl,O,Scott,F,cheryl.scott@gmail.com,Richard Scott,Lois Scott,Watson,92220
528509,Hon.,Paula,G,Diaz,F,paula.diaz@gmail.com,Alan Diaz,Kathryn Diaz,Powell,152654
912990,Mr.,Joshua,T,Stewart,M,joshua.stewart@yahoo.ca,Todd Stewart,Martha Stewart,Jones,184896
214352,Ms.,Theresa,G,Lee,F,theresa.lee@gmail.com,John Lee,Rebecca Lee,Turner,197537
890290,Hon.,Julia,S,Scott,F,julia.scott@apple.com,Lawrence Scott,Amy Scott,King,141518
622406,Mr.,Thomas,Q,Lewis,M,thomas.lewis@gmail.com,Ryan Lewis,Lois Lewis,Price,73862
979607,Ms.,Carol,J,Edwards,F,carol.edwards@msn.com,Shawn Edwards,Susan Edwards,Gray,93967
969580,Prof.,Matthew,L,Turner,M,matthew.turner@gmail.com,Jose Turner,Kathy Turner,Cox,52237
426038,Hon.,Joan,C,Stewart,F,joan.stewart@yahoo.com,Charles Stewart,Julia Stewart,Collins,111673
388642,Mrs.,Ruby,R,Rogers,F,ruby.rogers@gmail.com,Ronald Rogers,Teresa Rogers,Alexander,160623
560455,Ms.,Carolyn,V,Hayes,F,carolyn.hayes@hotmail.co.uk,Jimmy Hayes,Sara Hayes,Foster,42005
477253,Mrs.,Anne,L,Russell,F,anne.russell@ibm.com,Jimmy Russell,Stephanie Russell,Richardson,103160
263480,Hon.,Daniel,K,Cooper,M,daniel.cooper@yahoo.com,Louis Cooper,Julie Cooper,Murphy,153790
683826,Mr.,Roger,L,Roberts,M,roger.roberts@gmail.com,Antonio Roberts,Katherine Roberts,Brooks,129625
474599,Drs.,Maria,W,Walker,F,maria.walker@microsoft.com,Ralph Walker,Teresa Walker,Brooks,48944
335732,Ms.,Brenda,M,Butler,F,brenda.butler@gmail.com,Phillip Butler,Joyce Butler,Thomas,60508
329752,Hon.,Lillian,X,Brown,F,lillian.brown@aol.com,Gary Brown,Virginia Brown,Wood,67251
893212,Ms.,Amy,B,Howard,F,amy.howard@aol.com,James Howard,Virginia Howard,Collins,112715
621833,Mr.,Gregory,X,Edwards,M,gregory.edwards@outlook.com,Jose Edwards,Helen Edwards,Howard,169245
456747,Mr.,Roy,Z,Griffin,M,roy.griffin@yahoo.com,Benjamin Griffin,Wanda Griffin,Simmons,170895
278556,Prof.,Richard,Y,Mitchell,M,richard.mitchell@verizon.net,Peter Mitchell,Andrea Mitchell,Flores,122226
333476,Hon.,Mary,P,Wilson,F,mary.wilson@sbcglobal.net,Robert Wilson,Jennifer Wilson,Patterson,109394
218791,Mr.,Aaron,N,Price,M,aaron.price@bp.com,Michael Price,Diana Price,Torres,54402
134841,Ms.,Donna,R,Brown,F,donna.brown@aol.com,Adam Brown,Irene Brown,James,129836
726264,Hon.,Carl,N,Collins,M,carl.collins@yahoo.com,Gerald Collins,Phyllis Collins,Rodriguez,162159
766610,Ms.,Joyce,E,Jenkins,F,joyce.jenkins@aol.com,Edward Jenkins,Susan Jenkins,Hayes,119321
923947,Ms.,Mary,G,Bryant,F,mary.bryant@verizon.net,Joshua Bryant,Norma Bryant,Harris,155442
227922,Hon.,Amanda,M,Hughes,F,amanda.hughes@rediffmail.com,Roy Hughes,Cynthia Hughes,Bryant,114257
265813,Hon.,Jack,E,Campbell,M,jack.campbell@gmail.com,Philip Campbell,Wanda Campbell,Watson,186280
247137,Mr.,Alan,E,Rivera,M,alan.rivera@apple.com,Bobby Rivera,Jennifer Rivera,Jackson,154810
407061,Ms.,Elizabeth,Q,Jackson,F,elizabeth.jackson@aol.com,Scott Jackson,Catherine Jackson,Jackson,85420
226714,Drs.,Nancy,L,Davis,F,nancy.davis@ibm.com,Bruce Davis,Jessica Davis,Moore,94986
702813,Mr.,Ernest,D,Martinez,M,ernest.martinez@gmail.com,Ryan Martinez,Beverly Martinez,Hill,172098
524896,Ms.,Judy,Y,Hernandez,F,judy.hernandez@gmail.com,Fred Hernandez,Pamela Hernandez,Evans,133332
363065,Drs.,Nancy,L,Jones,F,nancy.jones@gmail.com,Eugene Jones,Sandra Jones,Jenkins,61924
879753,Mrs.,Pamela,X,Wright,F,pamela.wright@aol.com,Terry Wright,Debra Wright,Williams,149262
958326,Mr.,Larry,T,Miller,M,larry.miller@shell.com,Russell Miller,Mildred Miller,Ward,97904
447813,Mrs.,Ann,Q,Coleman,F,ann.coleman@ibm.com,Harold Coleman,Tina Coleman,Walker,130014
525955,Drs.,Judy,C,Gonzales,F,judy.gonzales@gmail.com,Kevin Gonzales,Sharon Gonzales,Perez,149575
818384,Mr.,Peter,X,Washington,M,peter.washington@bp.com,Douglas Washington,Jean Washington,Henderson,173226
971640,Prof.,Clarence,A,Ross,M,clarence.ross@apple.com,Arthur Ross,Louise Ross,Washington,165272
253573,Ms.,Sharon,E,Lopez,F,sharon.lopez@gmail.com,Daniel Lopez,Susan Lopez,Hayes,190139
904898,Drs.,Ann,Q,Cooper,F,ann.cooper@exxonmobil.com,Harold Cooper,Mildred Cooper,Williams,182521
515103,Ms.,Anne,A,Perez,F,anne.perez@sbcglobal.net,Douglas Perez,Doris Perez,Bailey,114426
491943,Mrs.,Nancy,P,Howard,F,nancy.howard@gmail.com,Gregory Howard,Mildred Howard,Flores,101553
750173,Mr.,Antonio,R,Roberts,M,antonio.roberts@hotmail.com,Timothy Roberts,Diana Roberts,Rodriguez,181646
687017,Ms.,Frances,P,Watson,F,frances.watson@outlook.com,Adam Watson,Diana Watson,Jones,46945
241882,Ms.,Debra,G,Wood,F,debra.wood@hotmail.com,Martin Wood,Theresa Wood,Perry,84318
758872,Mr.,Henry,Y,Jenkins,M,henry.jenkins@hotmail.com,Albert Jenkins,Beverly Jenkins,Murphy,102384
940922,Hon.,Melissa,X,Butler,F,melissa.butler@hotmail.com,Robert Butler,Anne Butler,Jackson,167631
917937,Mr.,Todd,H,Hall,M,todd.hall@yahoo.com,Thomas Hall,Kathleen Hall,Morgan,163560
917395,Hon.,Christopher,D,Nelson,M,christopher.nelson@aol.com,Jeffrey Nelson,Cynthia Nelson,Sanders,190765
183071,Drs.,Andrea,P,Garcia,F,andrea.garcia@aol.com,Mark Garcia,Nicole Garcia,Howard,54179
316110,Mr.,Jeremy,I,Sanchez,M,jeremy.sanchez@hotmail.com,Albert Sanchez,Patricia Sanchez,Ross,178847
293459,Mr.,Steven,J,Phillips,M,steven.phillips@hotmail.com,Jason Phillips,Gloria Phillips,Lewis,90108
732017,Ms.,Cynthia,J,Ramirez,F,cynthia.ramirez@btinternet.com,Walter Ramirez,Evelyn Ramirez,Smith,90531
915638,Dr.,Jason,W,Anderson,M,jason.anderson@gmail.com,Brandon Anderson,Julia Anderson,Baker,76636
478003,Hon.,Cynthia,X,White,F,cynthia.white@gmail.com,Nicholas White,Katherine White,Turner,186200
951225,Ms.,Margaret,N,Brooks,F,margaret.brooks@gmail.com,Johnny Brooks,Debra Brooks,Robinson,43867
883936,Mr.,Douglas,I,Flores,M,douglas.flores@gmail.com,Justin Flores,Kathy Flores,Ramirez,181793
528673,Hon.,Paul,V,Watson,M,paul.watson@hotmail.com,Carl Watson,Anna Watson,Bennett,145235
765850,Mrs.,Linda,R,Moore,F,linda.moore@gmail.com,Howard Moore,Diana Moore,Smith,113256
262382,Ms.,Cheryl,O,Miller,F,cheryl.miller@ntlworld.com,Gerald Miller,Christine Miller,Mitchell,64143
870820,Ms.,Martha,G,Washington,F,martha.washington@aol.com,Todd Washington,Carolyn Washington,Reed,116629
806955,Mr.,William,G,Hernandez,M,william.hernandez@rediffmail.com,Peter Hernandez,Deborah Hernandez,Jones,73734
325319,Hon.,Carolyn,F,Price,F,carolyn.price@yahoo.com,Kevin Price,Patricia Price,Williams,48736
623253,Mrs.,Ruby,Q,Stewart,F,ruby.stewart@gmail.com,Paul Stewart,Paula Stewart,Jackson,174774
225925,Mr.,Paul,D,Cooper,M,paul.cooper@gmail.com,Nicholas Cooper,Helen Cooper,Hill,73526
761821,Mr.,Ernest,G,Washington,M,ernest.washington@msn.com,Johnny Washington,Shirley Washington,Harris,176675
400173,Ms.,Dorothy,K,Edwards,F,dorothy.edwards@hotmail.co.uk,Dennis Edwards,Betty Edwards,Howard,179017
802554,Mr.,Ryan,V,Alexander,M,ryan.alexander@shell.com,William Alexander,Elizabeth Alexander,Gray,106628
476433,Ms.,Lillian,N,Mitchell,F,lillian.mitchell@shaw.ca,Harry Mitchell,Marie Mitchell,Murphy,149878
533952,Ms.,Kelly,R,Adams,F,kelly.adams@bp.com,Eric Adams,Janice Adams,Brooks,51878
623929,Prof.,Jimmy,R,Howard,M,jimmy.howard@yahoo.com,Nicholas Howard,Patricia Howard,Hayes,120631
844177,Ms.,Margaret,T,Allen,F,margaret.allen@gmail.com,Michael Allen,Karen Allen,Morris,180107
212893,Ms.,Janet,Y,Henderson,F,janet.henderson@ntlworld.com,Jerry Henderson,Julie Henderson,Cooper,114481
185032,Mr.,Eugene,D,Perez,M,eugene.perez@exxonmobil.com,Jimmy Perez,Lois Perez,Hall,122950
867084,Ms.,Deborah,E,Smith,F,deborah.smith@yahoo.com,Richard Smith,Diana Smith,Bennett,52767
969964,Hon.,Janice,S,Parker,F,janice.parker@yahoo.com,Paul Parker,Alice Parker,Perez,147641
158666,Ms.,Rebecca,A,Stewart,F,rebecca.stewart@gmail.com,Roger Stewart,Carol Stewart,Cox,160043
489424,Dr.,Phillip,F,White,M,phillip.white@gmail.com,Harold White,Frances White,Carter,181774
639892,Mr.,Jose,K,Hill,M,jose.hill@hotmail.com,Carlos Hill,Anna Hill,Hayes,129774
704709,Dr.,Harold,Z,Nelson,M,harold.nelson@gmail.com,Richard Nelson,Pamela Nelson,Smith,156194
461593,Ms.,Nicole,O,Ward,F,nicole.ward@yahoo.com,Ralph Ward,Julia Ward,Lee,95673
392491,Mrs.,Theresa,R,Murphy,F,theresa.murphy@gmail.com,George Murphy,Jacqueline Murphy,Peterson,51015
495141,Drs.,Tammy,B,Young,F,tammy.young@comcast.net,Andrew Young,Brenda Young,Robinson,93650
